17,vaunguk
17,zuzett
20,xerdonruss
20,xetikhe
23,griurdihoi
23,sazzoummaw
23,thrirtiurth
23,throgro
33,cenulfa
33,cepha
33,cerchenria
33,durdurchatt
33,harroix
33,kerkuuhr
33,kertahr
33,kertarre
33,khaaknummith
33,trakrassoss
33,tranizuss
33,traorsux
33,trashun
37,ophren
37,tobrirsoss
40,ghaxxir
40,thujildirm
53,ghibec
53,olrarzoz
53,olrurzik
53,oltikkoth
53,thruphroxtron
57,xexudess
58,abloth
58,agnutraz
58,khilrammearth
58,merriss
59,vrotirr
62,ercheltarr
62,thuraunda
65,astra
65,droddintoz
65,khurzor
67,droknes
73,trendakke
76,blolmibluss
85,xercharth
86,thathrek
88,bodrulmur
88,togral
109,dalterth
109,oignuggaz
109,tholdoxott
111,bliulfux
111,dilfihess
113,gharziaknitt
113,thaddalta
117,breabuc
117,breanass
117,breazzaz
117,carroutroc
117,cathroburm
117,chahoghott
117,doiggahuu
117,dokraz
117,durerpiuss
117,kokrurm
117,trablebrux
120,gantetaw
120,ghozzorm
120,ghumeahr
120,ghummoc
120,harzhok
120,sthalthorth
120,sthanan
120,stharpaott
120,vresioth
120,vriakkorth
120,vriginte
120,vrikkuth
124,cridommith
124,crixxerchoss
124,entahr
124,ghaziultal
124,gheggeblaurth
124,ghestra
124,ghesuughur
124,ghiantith
124,samaastror
124,sarabrouhr
124,sarchukhourm
124,sazir
124,thrazzekroul
124,threarirzearr
124,threghix
124,threregri
124,threszu
124,thrihic
124,thriozzuss
124,toubrishik
136,obauhr
136,thagrow
151,blothrac
151,khuxel
157,serzhus
157,thustrax
160,azorm
160,droknuw
160,mimurchen
177,gandu
177,pilmoc
177,vrephath
178,yuuphuuth
179,jiblerder
179,prordemmer
180,irrirkil
196,chagringaohr
196,dokruldiu
196,koiggur
199,thinungur
201,srojiultuuss
201,verrus
210,denutt
210,khurpohr
211,ezzagul
211,srilrolthirm
211,verzhauc
212,suxott
213,cealdor
213,cekhuz
213,croikhun
213,croirzia
213,crommelfek
213,croubren
213,crublaltha
213,crugrax
213,crulthass
213,cunderr
213,cundor
213,cuurzanex
213,dagga
213,dostruw
213,dragukherm
213,drajaz
213,draltardaoc
213,drarsaghau
213,drarsirpel
213,drarten
213,drarze
213,drarzheme
213,kolthusutt
213,konrommarth
213,korsugnox
213,koszadeth
213,kountessaoz
213,kraba
213,krabroi
213,kracow
224,alduldorth
233,harchaughir
233,sthabrunex
233,vrertau
241,itrik
243,ezzuw
244,hemephruth
244,vroxtrik
257,groggolfoz
257,pexxegaol
257,urkekhew
257,wriugha
258,paturr
258,sthithrighek
258,veabragral
258,wrodrussuw
268,hagroknun
268,noju
268,vethi
269,chaurdaltass
269,durkel
270,cirorth
270,rirsett
270,taoszonak
270,tarkic
283,gouboundon
283,srebriuknerm
283,valthur
295,eguw
295,jeconeal
295,jelthu
298,emott
298,oidiuga
298,thojiuhaaw
298,zutholdiw
300,graordatt
300,virchoth
300,virkorzhouhr
305,jesa
305,nirishoss
305,proircharr
305,prorziotaas
307,seguuk
307,sekussess
307,thraulthos
307,thruuknonorr
307,thruuthitt
313,ersoblur
313,osethrurth
313,oshaggirr
313,osoxxuz
313,othe
313,otrindor
313,ourzhaamoc
313,paustrilmus
313,slirchon
313,slixxirzex
313,troxxec
313,truxukra
313,tude
313,tugna
313,tultiultiarm
313,turdic
313,tussaxiss
313,tussil
313,tuukharth
313,ubrerm
313,udraorm
313,udro
313,uggis
313,ugrohaarm
333,ejondutt
333,sthuzzutt
342,commirr
342,ghaugnoubluz
342,oirrunriw
342,oixedaun
342,okkioxtrott
342,oldorr
342,rugni
342,rukhokho
342,rutoinda
342,srarzhexxo
342,sreboutt
342,thondarax
342,thophrothiss
342,thorsaz
342,thosanerr
342,thoxxasor
342,thozegga
342,thragnith
342,thragonthurth
342,thralmiorm
342,thrandostruutt
342,thrarsean
342,thrartuhr
342,vaaknorron
342,vaasahr
344,pirchulmerm
344,piulthaorchirth
344,sthicas
344,sthidrimmoth
344,sthijizziw
344,sthikek
344,sthildaolmoss
344,vrocarth
344,vroheax
344,vrushathroic
344,vruxox
344,vruxxos
344,vundas
344,vundelthox
344,vurkax
344,vurzhak
346,irzhointhac
346,irzhor
346,ishan
346,xiabocer
346,xihardic
346,xijeas
346,xikhok
346,xingorchan
357,gothre
357,narrutt
360,zodroddaz
367,crirzholthu
367,jabok
367,mekrace
373,ghorchaxu
398,gromix
399,jogniz
414,eszauguun
414,gholmoth
414,grommirr
414,grophrus
414,grorkorm
414,grotex
414,grozzarth
414,uxiommir
414,uxtra
414,uxtrus
414,uxxakohr
414,uxxizzith
414,uzaxxa
417,xuphazzarth
419,azzez
419,baknoudurth
419,balmer
419,barchux
419,barti
419,basoss
419,bastraostrerr
419,baszidi
419,begew
419,bejus
419,beldorth
419,belfuddus
419,berduthirm
419,beru
419,besedios
419,bidothrew
419,bioblarta
419,bistru
419,biszi
419,bixohr
419,bixomus
419,blaalru
419,blaazzegguss
419,blalmiolmil
419,blaoshaurzow
419,blasotiath
419,blautrorm
419,blerkigna
419,blexorsurth
419,bliatro
419,bliburkex
419,blihuce
419,blilrelmuss
419,bliphec
419,blistrondos
419,bliuhic
419,bloijarrath
419,bloilfiaw
419,bloldatt
419,bonrux
419,borkahr
419,borzhangax
419,bourpejuss
419,bozzessa
419,bozzo
419,braardiuss
419,braggoxxa
419,brajorm
419,bralrorurr
419,brandurm
419,braolfiukhel
419,brarikrett
419,brarporziz
419,brartauhr
419,craojeagarth
419,craophios
419,crartonthirth
419,craurduss
419,creamatt
419,crekhahr
419,crengadrouk
419,crenruxxutt
419,crentordott
419,crerpeji
419,crertott
419,creshobli
419,crezzett
419,dromez
419,drondenthaw
419,drorchessiss
419,druldo
419,drunac
419,druntico
419,drurchoc
419,grikrogahr
419,mintherr
419,molmoix
419,molthik
419,morkarsaarr
419,morzoblurm
419,mosuw
419,mouphrozzirr
419,muggorm
419,mukha
419,muntess
419,murpeszuth
419,muurtiorr
419,naddildiss
419,ongurr
427,bungiss
427,buphedress
427,burserrol
427,butiubu
427,buxxux
427,buzziz
427,calthaohr
427,caolmorcharr
427,caozintaoss
427,crizzaathak
427,ebrerdic
427,edrea
427,edriano
427,edrubuz
427,eggax
427,eggess
427,gharkucin
427,jozzahr
427,jughi
427,juldirtirm
427,juntoignohr
427,jushulthoik
427,jusso
431,agruurr
431,agusen
431,ajo
431,alruth
431,altiz
431,amenthorm
431,angurzarth
431,conustreth
431,crajac
431,crakkoxxu
431,crakrorr
431,ekrax
431,ekruth
431,elmoknax
431,elroiphoitt
436,brulmo
436,jirpott
436,prungengex
437,eggu
437,juugnio
437,juxtru
437,kabios
437,kadrurth
437,kahutt
437,karka
437,nithraasorr
437,niulmiw
437,nixxutiaz
437,nobrulfi
440,unthurth
440,untilres
441,sthrultozzath
441,zophrurm
442,gammaorpaaz
442,guxtreaz
442,halduth
442,handio
442,haocokuhr
442,sriohuulme
442,sthekio
442,visurkahr
442,voddedduk
442,votar
442,vrahac
442,vralthur
442,vramilmoc
442,vrassedix
442,vratrarzaarr
442,vrazzox
442,vrealtarr
442,vreggulmaw
442,vreknuc
446,riuhehr
446,thakni
448,reaghith
448,renthaoc
448,rezarm
448,strerzobux
448,stressirm
448,striphrirpix
450,torkorm
454,grebrammass
454,zorsarth
460,aadilmuhr
460,drasheshu
460,jutrix
467,brotrox
467,diotrarm
467,kilroxxel
470,eltaxtreth
470,jommir
482,pilra
482,sthaxtrorr
482,stheddignor
482,vrilmultez
482,vriltukrol
482,vrimarkess
482,vrindiz
482,vrissil
482,vrithagnus
483,gathiox
483,ionthek
483,ioxoc
483,iozzilmaux
483,iphriz
483,irdoldoiw
483,prangehr
483,prastraszarth
483,preaddeltil
483,preangikrew
483,preddoggath
483,prelrulmaoth
483,prephralthurm
483,preri
483,prerzhaku
483,prexeldiohr
483,prikress
483,prilfok
483,xiorrablath
483,yiarraaknow
483,yildiorm
483,yildossuc
483,yiphoxurm
483,yirpu
483,yodepharr
483,yogarm
483,yonimeth
483,yontilrok
483,yorpablurr
483,yothrammek
483,yotrar
483,yoxelmaos
484,sthrokkath
484,zogiudroz
484,zognorpes
484,zogrow
484,zokuzec
484,zomokhuz
490,sibror
490,tiabimmor
498,orziggiw
498,sirsibohr
498,sisishir
498,sixtruw
498,slaammoth
498,sladroth
498,slashaknik
498,slastruhr
498,slatraaboun
498,sleakeshiss
498,slebloz
498,slekkakhe
498,slerzath
498,slianrex
498,sliblaahor
498,trihegnik
498,trilmerath
498,trirzhok
498,trithrandac
498,trognesziass
498,tropheth
498,trordur
498,troxxaajec
498,untuti
503,athigrok
503,ausho
503,karpus
503,noilfaw
509,ersexxa
509,orzauk
509,trigri
510,andiw
510,khirzabax
513,karrougruw
513,kaurtikkoith
513,pulfunrix
514,khaphroszak
514,kharzhibarm
514,khaxur
514,khazzuz
514,nosolraott
514,nubiuk
514,puxanrex
515,oxtroshes
515,ozilrorr
515,slordorzhi
515,slorro
515,slouthoghir
515,ulri
518,geggaotitt
518,zizzorm
529,grirroc
529,raogrorsul
529,thrirkommiss
534,goxxogax
534,srikrith
534,vardiurth
538,higerzic
538,silre
539,aotriuzzutt
539,methon
557,daldutt
558,graacughorm
558,srersenguz
558,varzhess
564,sthuxtrerkau
577,brobaxtru
577,nagnarzherr
587,meaturr
589,straaggurzhe
593,yublikrouk
593,yuddac
603,noltajiuk
603,viabron
607,ezima
607,ghommuw
607,ghongirdeth
607,vaxxol
622,childott
622,khiammi
622,strahaugherth
622,strarusho
622,strathatuk
622,strathru
622,strebriszatt
622,streddaax
627,garrulfe
627,zelfaw
645,vrondethirm
647,sranthen
663,gatrunthaur
663,prilmercha
663,yummiurr
672,jephrauss
682,thiastrel
687,vignekroitt
705,ghostrec
705,titajol
709,chelfor
709,chephral
709,chetakrak
709,crildoirchul
709,hebrianeaw
709,khagith
709,kraderpik
709,kragnor
709,kragnulfi
709,treatongiz
714,chebustrarm
716,hakkaphol
716,srorzhehr
716,viaxtrongiuz
719,jiorkommu
719,prugothre
722,ersolros
722,pagurth
722,umiahr
734,erius
734,gujerchoic
734,sengoss
734,throrruk
734,thruknunga
734,thrulmoinuth
736,ghinouzzi
736,oroxxa
736,todrirm
738,sthiltublox
738,wraathodec
738,wraghorpo
738,wrajan
742,pirdeltok
742,strugra
742,vroldorth
745,grerchuxxuu
745,ortiaxxix
745,tolmas
753,jaathuk
753,megnoithuz
762,chitruddoihr
762,chiuggoi
762,choldexi
762,choungehr
762,riarzhurzaz
762,ridrakhi
762,rignuth
762,rikrol
762,rilmoiggac
762,rionthundurth
762,rirpicarm
762,strirzherkoc
762,strissirpo
762,stroinrithak
762,strongel
762,strordaas
762,strusulmo
762,struxtroltir
762,sughaxxu
762,sujetrec
762,sukin
762,sundoin
762,surkec
762,sutriarzar
763,colti
763,eltoubauw
763,oblun
763,rolfalril
763,romma
763,ronorm
763,roshi
763,roshunrutt
763,tekraubloi
763,tharaxxea
763,thatissow
763,thauzautt
763,thazzatt
763,theableshe
763,therpe
763,therraurke
763,thextrarth
771,srinteaz
771,sriphrett
771,srisorr
771,vatrousass
771,vaublio
771,venurth
774,geamirpo
774,gedoss
774,sthregatt
774,sthrurchepherth
774,sthrursortarr
774,sthulthiugniz
774,sthundaherm
774,sthursanteth
774,treniciw
774,triakrarkuuhr
774,triammuc
774,zaknimarth
794,iurzaos
794,sthrunarriw
794,zouru
794,zuguta
795,nurzhea
795,rardirr
795,rassokru
795,ratecik
795,tathogrer
795,tecenrouk
796,pelfett
796,pendoirriux
796,perpu
796,perroth
796,peszuthes
796,pextrerth
796,slilthusaz
796,slindeahr
796,soirsordatt
796,sonreth
796,sophrour
796,sorkath
796,sorkuhr
796,sossi
796,sozeltaz
796,sraatuc
796,uszumirth
796,uthraurth
796,uthro
796,utruphra
796,uuthuphrirr
798,silmealtearr
798,tibraolfa
800,grakic
800,piblass
800,vrengiarchath
802,sthrehaddurth
802,zaorremmac
812,sthutrer
814,erzhixarm
814,pejuux
814,urzu
815,grardertek
815,olmacehr
815,vrelrin
820,slizzitt
820,ulfu
822,esharm
822,toxezez
823,grogra
823,wrohummia
834,brodreknott
837,ishuk
837,istroistri
837,ithregri
837,poxtrithrerth
837,praandilthas
837,praathixtric
837,praknihr
837,sthoggokruk
837,sthriartomiw
837,xeathiukorr
837,xekkionrik
837,zendac
837,zestrao
837,zexaozziol
838,gendekkaw
838,progritt
844,srotutt
844,sroxxirr
844,srunrew
844,sruurkihr
844,vakhardorr
844,valmojol
844,vibax
844,viddoiz
844,viddoth
851,tikrodarm
862,slozzushir
888,jisaunre
888,prukrarth
888,prushi
888,prushishiol
898,gaakni
898,vedauw
898,velthioth
899,vignealtow
900,urdett
900,vrenthex
909,ghikrath
909,ongess
909,timmantux
915,mezzuuz
915,miaknekho
916,brursirth
916,brurtuldorth
916,bruurzheggion
916,bubrir
916,bugherr
916,diphriak
916,dodruz
916,doggok
916,drurso
916,kejelderth
916,kelthiostritt
916,kobroggorm
916,naldi
917,jerdandaas
922,estrou
922,sthiurseth
922,sthixtrogno
922,sthodec
922,sthrossaltux
922,sthrourriotiorr
922,wroretol
922,wrorke
922,wrotharth
922,wrothrirr
922,wruggu
922,wruguthress
922,wrurdath
938,garzasha
938,sthridreazzi
938,zeldioc
942,agreddourm
942,grestrelthaorr
944,aognu
944,aogu
944,blophoic
944,bloszeltax
944,dauggurtaa
944,grezzas
944,khizzaw
944,khodarse
959,hinthoi
959,sealfiatt
959,tophogu
961,artummis
961,arzath
961,asett
961,khurtathrex
961,miaxxuntew
961,miltas
965,arku
965,grerpundaorr
979,arritrez
982,kaxxelterth
984,iagno
984,xasorzioth
985,emmauthrou
985,thexxari
985,thezzacos
985,thialmuc
987,briozukrott
987,jaghiahr
987,naurpezuw
994,brautrixxiw
994,brirchow
994,briurser
994,briussaorm
994,brixxindehr
994,jahott
994,jaknirpirth
994,jalricaas
994,jalroirth
994,jarkuuw
994,jaszindio
994,jaxtrur
994,jeblurr
994,jephrursu
994,nebleas
994,nebrithroirm
994,negnonthil
994,nelme
994,nephalruw
994,niknu
996,duultul
998,aadrerm
998,drati
1006,sagratt
1006,sajirth
1006,saltistrath
1006,thongu
1006,thrasal
1006,thrathozo
1009,tirsaw
1016,priolfasur
1016,yursett
1016,yuthiublu
1024,keaxtruun
1024,khonran
1024,khortursios
1024,khudrantiz
1024,khuldeth
1027,dreghul
1027,dreknexe
1027,drextrarm
1027,dribluss
1027,dridrulmu
1027,drighusauth
1027,driommaphrioz
1027,driontin
1027,driorelfor
1027,driothrahu
1027,erkibuhr
1027,esson
1027,ghaorchustrarth
1033,priotuunra
1033,prirdeniss
1033,prithibruz
1033,priulthiahol
1033,priungo
1033,prixtraanerm
1033,sthrodroilthen
1090,slurzhuphon
1090,sluxugerm
1090,sluzzuz
1090,sobrahr
1090,soddiw
1090,sogaw
1091,gaorruxtruz
1091,ghurkoshiz
1091,ghustraxtra
1091,giarta
1091,gionriardu
1091,giphrijoirth
1091,girroungorr
1091,githux
1091,henturm
1091,hertujuuk
1091,hibrirth
1091,porzhiath
1091,poulfersith
1091,sthimol
1091,sthindoldoirm
1091,sthiognu
1091,sthiresil
1091,sthirirr
1091,sthirze
1091,sthirzhalriur
1091,wralfok
1091,wralriuz
1091,wrarkithil
1091,wrassios
1091,wratruhr
1091,wrekruth
1091,wrerpojaz
1091,wrerzes
1091,wreszorchor
1091,wrialfossak
1091,wrignur
1091,wrirpul
1091,wrisi
1091,wristrihr
1093,ixerr
1100,giugnal
1100,grarsiz
1100,pointarr
1100,postrac
1100,traarsimeaw
1108,arpighihr
1108,khongauziohr
1109,chexarchak
1109,chianthi
1109,chigoi
1109,crimmugra
1109,hedrow
1109,khamminruhr
1109,kragrinthu
1109,kragruknan
1109,kralmex
1109,trejiltoz
1114,briocerth
1114,khaoghus
1114,trekrarr
1118,jaarcherr
1120,ganiath
1120,vrerpi
1124,goshiutil
1124,priorzun
1124,sthrenreaz
1124,sthrexubro
1124,sthrialferrutt
1124,zarkoduc
1124,zehirr
1124,zekhitiuss
1124,zekraortautt
1125,geakiass
1125,goghe
1126,gorpastren
1126,priorroulmurr
1126,sthrijaa
1126,sthrikne
1126,sthriungoilri
1126,zandic
1126,zanra
1126,zimmianau
1126,zinthul
1126,ziutew
1139,kralruzzutt
1139,kraoneddaa
1139,krarzhirtak
1139,kratruth
1140,brejiti
1140,brephrarth
1140,brerdikhex
1140,brerku
1140,brethikirm
1140,brethroknahr
1140,brextraorpio
1140,brinti
1140,chirzeth
1140,chourchardes
1140,chukku
1140,chuxorriz
1140,ciabrirtow
1140,ciatratt
1140,croidric
1140,krazzuntirth
1140,krelfi
1140,kresel
1140,krestrin
1140,kriagrekkel
1140,krihisuu
1140,nalmak
1140,strephersia
1141,eablek
1141,krinthublar
1141,krissinruurth
1141,krissoin
1141,kristror
1141,krolfe
1141,kroshukhuth
1141,kruggarsoss
1141,krukous
1141,krurresuk
1142,elrurchuz
1142,krusoz
1144,dabrake
1144,khanett
1144,kruxtrex
1144,kugnen
1144,kunrarkourm
1144,kuntheruc
1144,kuphruudrorr
1144,kurzhez
1144,strerza
1145,kruthrez
1146,ciblac
1146,krerchacu
1146,kurziosarr
1146,laatuduul
1146,nanguthrerr
1148,chirpoc
1148,khani
1148,labrazuw
1148,larpiahr
1148,larpow
1148,laultherden
1148,legezirr
1148,lemirr
1148,lenexxaor
1148,publohr
1150,ertix
1150,lildirdez
1152,lilmu
1153,grinthahr
1153,khaoggarr
1153,lindinon
1153,linromos
1153,narrarth
1153,strephic
1154,chiomol
1154,dakniltew
1154,dondec
1154,lerdaahr
1154,lesazin
1154,leshorchett
1154,lessotro
1155,hinthuk
1155,jorzaphrul
1156,hirzhuxxar
1156,keaxaa
1157,huuldu
1157,luzel
1157,madrahis
1158,hotras
1158,houhegren
1159,brurputh
1159,hiphriszuss
1159,mahex
1159,maldo
1159,maocondew
1159,maorpouldaarth
1160,hioghott
1160,jizzi
1161,criphior
1161,hussumax
1161,khelfir
1162,hurchuggitt
1163,durroth
1163,huddirth
1163,maserm
1164,huuzzoss
1164,zorchuussis
1166,stregni
1166,streknath
1166,strentherr
1166,strephebol
1167,gholdett
1167,umedduz
1169,ilrihr
1169,yahudi
1177,yegheax
1187,garzhexol
1187,idaolmauc
1187,iddas
1187,iggurth
1187,ignehr
1187,ijablarth
1187,ikhesath
1187,ikhobloiz
1187,ikkiakni
1187,ilthulmuz
1187,inriphass
1187,inthendehr
1187,intihr
1187,iobeszouth
1187,iokruz
1187,irdulfarth
1187,sthogras
1187,sthoiblik
1187,sthoiblixtrirth
1187,sthoirparpe
1187,stholrarsaz
1187,sthothour
1187,sthoukkejorm
1187,sthrakihr
1187,sthralduxxul
1187,sthralress
1187,sthraltharchohr
1187,sthranramehr
1187,sthrarzhu
1187,sthrauhio
1187,sthrebroiw
1187,xirtongeath
1187,xirzhuti
1187,xixxin
1187,xizaa
1187,xocuutt
1187,xonotruc
1187,xonruknok
1187,xorsorm
1187,xubo
1187,xukkios
1187,xunthixtriz
1187,xuseth
1187,yablan
1187,yabloigges
1187,yardurr
1187,yastralruz
1187,yeknott
1187,yukkakhes
1187,yulfaz
1188,gradrak
1188,sringo
1188,veggijew
1207,amiorchaal
1207,blophiughurth
1207,mestroummu
1208,arkeastruun
1208,dedrul
1208,khoddor
1300,niszoicas
1367,slozzushir
1372,khiasihett
1372,olmatrox
1372,throirtiorsus
1372,throkiuc
1445,garkaukkew
1445,poghaukna
1445,pohuw
1445,sralrauth
1445,wriza
1445,wruszionthun
1469,grointhak
1469,groixxomel
1469,wruudrirdias
1469,xaamophrel
1477,siodduz
1477,toknogrun
1481,bocor
1481,khilroundurr
1508,croce
1508,pughibroz
1529,ogguuxaorr
1529,oikkul
1529,rudiakniurm
1529,thiateax
1529,thinthassaun
1529,thiorchunthe
1529,thire
1529,thisiss
1529,thithaaghax
1529,thobe
1530,lirress
1530,lirtoth
1530,lithethoutt
1530,lizoxtraw
1531,lodril
1531,lodruhr
1531,lolthirm
1531,lontingius
1531,lorkix
1531,lossable
1531,lotearzar
1531,lothiz
1531,nashuw
1533,hophraz
1533,khiablingao
1533,ludrir
1533,lugguss
1533,lulfiuhr
1533,lulrorzhiu
1533,lurzel
1533,luulthoc
1533,zorrelthoss
1541,broukhughiac
1541,broxtrorzhe
1541,kehokniw
1541,kithra
1541,srorchokhis
1541,vrerchardia
1545,breblel
1545,likkuur
1545,liknoudruutt
1572,maoknarth
1573,mazziath
1574,chindoumio
1574,griughuphi
1574,kraugerth
1575,strerporchex
1576,cistrurr
1576,khiarchointahr
